username,platform,followers,following,avg_likes,avg_comments,posts,verified,caption,suitable,sentiment,sentiment_polarity,total_engagement,engagement_rate,engagement_per_post,follower_following_ratio,estimated_reach,reach_rate,authenticity_score,engagement_score,sentiment_score,influencer_score,estimated_campaign_cost,estimated_conversions,estimated_return,roi
influencer_01,Instagram,125000,500,8500,420,320,1,I love this amazing product!,1,Positive,0.625,8920,7.136000000000001,27.875,250.0,8920.0,7.136000000000001,100.0,71.36000000000001,81.25,82.91900000000001,12500.0,178.4,17840.0,42.72
influencer_02,Instagram,450000,2100,4200,180,850,1,This product is okay and useful.,1,Positive,0.4,4380,0.9733333333333334,5.152941176470589,214.28571428571428,4380.0,0.9733333333333334,85.0,9.733333333333334,70.0,50.39333333333333,45000.0,87.60000000000001,8760.0,-80.53333333333333
influencer_03,Instagram,75000,300,6500,510,220,0,"Amazing product, I really recommend it!",1,Positive,0.42500000000000004,7010,9.346666666666668,31.863636363636363,250.0,7010.0,9.346666666666668,80.0,93.46666666666667,71.25,82.76166666666667,7500.0,140.20000000000002,14020.000000000002,86.93333333333337
influencer_04,TikTok,900000,4500,7200,210,1200,1,Not happy with this product.,0,Negative,-0.4,7410,0.8233333333333334,6.175,200.0,7410.0,0.8233333333333334,70.0,8.233333333333334,30.0,33.29333333333334,90000.0,148.20000000000002,14820.000000000002,-83.53333333333333
influencer_05,TikTok,55000,800,5200,380,180,0,Great experience and wonderful product!,1,Positive,0.9,5580,10.145454545454545,31.0,68.75,5580.0,10.145454545454545,80.0,100.0,95.0,92.5,5500.0,111.60000000000001,11160.0,102.9090909090909
influencer_06,Twitter,180000,1200,3100,250,450,1,The product works really well.,1,Positive,0.2,3350,1.861111111111111,7.444444444444445,150.0,3349.9999999999995,1.861111111111111,85.0,18.611111111111107,60.0,50.94444444444444,18000.0,66.99999999999999,6699.999999999998,-62.777777777777786
influencer_07,Twitter,320000,6000,1800,90,900,1,I don't like this product.,0,Neutral,0.0,1890,0.590625,2.1,53.333333333333336,1889.9999999999998,0.590625,85.0,5.90625,50.0,42.8625,32000.0,37.8,3779.9999999999995,-88.1875
influencer_08,Instagram,95000,400,7200,620,280,0,Excellent product and great quality!,1,Positive,1.0,7820,8.23157894736842,27.928571428571427,237.5,7819.999999999999,8.23157894736842,80.0,82.3157894736842,100.0,86.92631578947368,9500.0,156.39999999999998,15639.999999999998,64.63157894736841
influencer_09,TikTok,220000,1800,9100,700,520,1,Absolutely love this product!,1,Positive,0.625,9800,4.454545454545455,18.846153846153847,122.22222222222223,9800.0,4.454545454545455,100.0,44.54545454545455,81.25,72.19318181818181,22000.0,196.0,19600.0,-10.909090909090908
influencer_10,Twitter,70000,5000,900,50,700,0,The product is not useful.,0,Negative,-0.15,950,1.3571428571428572,1.3571428571428572,14.0,950.0000000000001,1.3571428571428572,50.0,13.571428571428573,42.5,33.17857142857143,7000.0,19.000000000000004,1900.0000000000005,-72.85714285714285
influencer_11,Instagram,150000,900,7800,500,400,1,Amazing quality and excellent service!,1,Positive,0.8,8300,5.533333333333333,20.75,166.66666666666666,8300.0,5.533333333333333,100.0,55.333333333333336,90.0,79.13333333333334,15000.0,166.0,16600.0,10.666666666666668
influencer_12,TikTok,600000,8000,2500,100,1000,1,I am disappointed with this product.,0,Negative,-0.75,2600,0.4333333333333333,2.6,75.0,2600.0,0.4333333333333333,70.0,4.333333333333333,12.5,26.483333333333334,60000.0,52.0,5200.0,-91.33333333333333
influencer_13,Instagram,85000,600,6000,450,250,0,"Great product, highly recommended!",1,Positive,0.5,6450,7.588235294117647,25.8,141.66666666666666,6450.0,7.588235294117647,80.0,75.88235294117646,75.0,76.85294117647058,8500.0,129.0,12900.0,51.76470588235295
influencer_14,Twitter,210000,3500,2200,130,650,1,This product is average.,0,Negative,-0.15,2330,1.1095238095238096,3.5846153846153848,60.0,2330.0,1.1095238095238096,70.0,11.095238095238095,42.5,38.18809523809524,21000.0,46.6,4660.0,-77.80952380952381
influencer_15,TikTok,110000,700,8200,580,350,0,Absolutely fantastic product!,1,Positive,0.5,8780,7.9818181818181815,25.085714285714285,157.14285714285714,8780.0,7.9818181818181815,80.0,79.81818181818181,75.0,78.42727272727272,11000.0,175.6,17560.0,59.63636363636363
influencer_16,Instagram,400000,9000,3000,120,1100,1,Not recommended. Very poor experience.,0,Negative,-0.52,3120,0.7799999999999999,2.8363636363636364,44.44444444444444,3119.9999999999995,0.7799999999999999,70.0,7.799999999999999,24.0,31.32,40000.0,62.39999999999999,6239.999999999999,-84.39999999999999
influencer_17,Twitter,95000,450,5000,350,300,0,Really useful and wonderful product!,1,Positive,0.65,5350,5.631578947368421,17.833333333333332,211.11111111111111,5350.0,5.631578947368421,80.0,56.315789473684205,82.5,71.27631578947368,9500.0,107.0,10700.0,12.631578947368421
influencer_18,TikTok,175000,1400,7000,520,480,1,I love this product and the quality!,1,Positive,0.625,7520,4.297142857142857,15.666666666666666,125.0,7520.0,4.297142857142857,100.0,42.971428571428575,81.25,71.56357142857144,17500.0,150.4,15040.0,-14.057142857142857
influencer_19,Instagram,300000,7500,1800,80,900,1,I don't recommend this product.,0,Neutral,0.0,1880,0.6266666666666667,2.088888888888889,40.0,1880.0,0.6266666666666667,85.0,6.2666666666666675,50.0,43.00666666666667,30000.0,37.6,3760.0,-87.46666666666667
influencer_20,Twitter,65000,350,5800,400,200,0,Excellent experience and great product!,1,Positive,1.0,6200,9.538461538461538,31.0,185.71428571428572,6200.0,9.538461538461538,80.0,95.38461538461537,100.0,92.15384615384616,6500.0,124.0,12400.0,90.76923076923077
